{
  "annotations": {
    "list": [
      {
        "builtIn": 1,
        "datasource": {
          "type": "datasource",
          "uid": "grafana"
        },
        "enable": true,
        "hide": true,
        "iconColor": "rgba(0, 211, 255, 1)",
        "name": "Annotations & Alerts",
        "target": {
          "limit": 100,
          "matchAny": false,
          "tags": [],
          "type": "dashboard"
        },
        "type": "dashboard"
      }
    ]
  },
  "editable": true,
  "fiscalYearStartMonth": 0,
  "graphTooltip": 0,
  "id": 7,
  "links": [],
  "liveNow": false,
  "panels": [
    {
      "collapsed": false,
      "gridPos": {
        "h": 1,
        "w": 24,
        "x": 0,
        "y": 0
      },
      "id": 55,
      "panels": [],
      "title": "General",
      "type": "row"
    },
    {
      "datasource": {
        "type": "prometheus",
        "uid": "PBFA97CFB590B2093"
      },
      "fieldConfig": {
        "defaults": {
          "color": {
            "fixedColor": "semi-dark-blue",
            "mode": "fixed"
          },
          "mappings": [],
          "thresholds": {
            "mode": "absolute",
            "steps": [
              {
                "color": "semi-dark-blue",
                "value": null
              }
            ]
          }
        },
        "overrides": [
          {
            "matcher": {
              "id": "byName",
              "options": "Slot Index"
            },
            "properties": [
              {
                "id": "unit",
                "value": "EI"
              }
            ]
          }
        ]
      },
      "gridPos": {
        "h": 3,
        "w": 6,
        "x": 0,
        "y": 1
      },
      "id": 107,
      "options": {
        "colorMode": "value",
        "graphMode": "area",
        "justifyMode": "auto",
        "orientation": "auto",
        "reduceOptions": {
          "calcs": [
            "lastNotNull"
          ],
          "fields": "",
          "values": false
        },
        "textMode": "auto"
      },
      "pluginVersion": "9.3.2",
      "repeat": "instance",
      "repeatDirection": "h",
      "targets": [
        {
          "datasource": {
            "type": "prometheus",
            "uid": "PBFA97CFB590B2093"
          },
          "editorMode": "code",
          "exemplar": false,
          "expr": "max(commitments_latest{}) by (slot, instance)",
          "format": "table",
          "instant": true,
          "legendFormat": "__auto",
          "range": false,
          "refId": "A"
        }
      ],
      "title": "Last commitmed slot $instance",
      "transformations": [
        {
          "id": "convertFieldType",
          "options": {
            "conversions": [
              {
                "destinationType": "number",
                "targetField": "slot"
              }
            ],
            "fields": {}
          }
        },
        {
          "id": "groupBy",
          "options": {
            "fields": {
              "Value": {
                "aggregations": [
                  "max"
                ]
              },
              "slot": {
                "aggregations": [
                  "max"
                ],
                "operation": "aggregate"
              },
              "instance": {
                "aggregations": [],
                "operation": "groupby"
              }
            }
          }
        },
        {
          "id": "organize",
          "options": {
            "excludeByName": {},
            "indexByName": {},
            "renameByName": {
              "slot (lastNotNull)": "Slot Index"
            }
          }
        }
      ],
      "type": "stat"
    },
    {
      "datasource": {
        "type": "prometheus",
        "uid": "PBFA97CFB590B2093"
      },
      "description": "",
      "fieldConfig": {
        "defaults": {
          "color": {
            "fixedColor": "semi-dark-orange",
            "mode": "fixed"
          },
          "mappings": [],
          "thresholds": {
            "mode": "absolute",
            "steps": [
              {
                "color": "semi-dark-blue",
                "value": null
              }
            ]
          }
        },
        "overrides": [
          {
            "matcher": {
              "id": "byName",
              "options": "Slot Index"
            },
            "properties": [
              {
                "id": "unit",
                "value": "EI"
              }
            ]
          }
        ]
      },
      "gridPos": {
        "h": 3,
        "w": 6,
        "x": 0,
        "y": 7
      },
      "id": 96,
      "options": {
        "colorMode": "value",
        "graphMode": "area",
        "justifyMode": "auto",
        "orientation": "auto",
        "reduceOptions": {
          "calcs": [
            "lastNotNull"
          ],
          "fields": "",
          "values": false
        },
        "textMode": "auto"
      },
      "pluginVersion": "9.3.2",
      "repeat": "instance",
      "repeatDirection": "h",
      "targets": [
        {
          "datasource": {
            "type": "prometheus",
            "uid": "PBFA97CFB590B2093"
          },
          "editorMode": "code",
          "exemplar": false,
          "expr": "max(commitments_latest{}) by (slot, instance)",
          "format": "table",
          "instant": true,
          "legendFormat": "__auto",
          "range": false,
          "refId": "A"
        }
      ],
      "title": "Last confirmed slot $instance",
      "transformations": [
        {
          "id": "convertFieldType",
          "options": {
            "conversions": [
              {
                "destinationType": "number",
                "targetField": "slot"
              }
            ],
            "fields": {}
          }
        },
        {
          "id": "groupBy",
          "options": {
            "fields": {
              "Value": {
                "aggregations": [
                  "max"
                ]
              },
              "slot": {
                "aggregations": [
                  "max"
                ],
                "operation": "aggregate"
              },
              "instance": {
                "aggregations": [],
                "operation": "groupby"
              }
            }
          }
        },
        {
          "id": "organize",
          "options": {
            "excludeByName": {},
            "indexByName": {},
            "renameByName": {
              "slot (lastNotNull)": "Slot Index"
            }
          }
        }
      ],
      "type": "stat"
    },
    {
      "collapsed": false,
      "gridPos": {
        "h": 1,
        "w": 24,
        "x": 0,
        "y": 13
      },
      "id": 63,
      "panels": [],
      "title": "Slot metrics",
      "type": "row"
    },
    {
      "datasource": {
        "type": "prometheus",
        "uid": "PBFA97CFB590B2093"
      },
      "description": "",
      "fieldConfig": {
        "defaults": {
          "color": {
            "mode": "thresholds"
          },
          "custom": {
            "axisCenteredZero": false,
            "axisColorMode": "text",
            "axisLabel": "",
            "axisPlacement": "auto",
            "fillOpacity": 65,
            "gradientMode": "none",
            "hideFrom": {
              "legend": false,
              "tooltip": false,
              "viz": false
            },
            "lineWidth": 1,
            "scaleDistribution": {
              "type": "linear"
            },
            "thresholdsStyle": {
              "mode": "off"
            }
          },
          "mappings": [],
          "thresholds": {
            "mode": "absolute",
            "steps": [
              {
                "color": "green",
                "value": null
              }
            ]
          }
        },
        "overrides": [
          {
            "matcher": {
              "id": "byName",
              "options": "Slot Index"
            },
            "properties": [
              {
                "id": "unit",
                "value": "EI"
              }
            ]
          },
          {
            "matcher": {
              "id": "byName",
              "options": "Accepted blocks"
            },
            "properties": [
              {
                "id": "color",
                "value": {
                  "fixedColor": "semi-dark-yellow",
                  "mode": "fixed"
                }
              }
            ]
          }
        ]
      },
      "gridPos": {
        "h": 8,
        "w": 8,
        "x": 0,
        "y": 14
      },
      "id": 115,
      "options": {
        "barRadius": 0,
        "barWidth": 0.97,
        "groupWidth": 0.7,
        "legend": {
          "calcs": [],
          "displayMode": "list",
          "placement": "bottom",
          "showLegend": true
        },
        "orientation": "auto",
        "showValue": "auto",
        "stacking": "none",
        "tooltip": {
          "mode": "single",
          "sort": "none"
        },
        "xField": "Slot Index",
        "xTickLabelRotation": -45,
        "xTickLabelSpacing": 0
      },
      "pluginVersion": "9.2.4",
      "repeat": "instance",
      "repeatDirection": "v",
      "targets": [
        {
          "datasource": {
            "type": "prometheus",
            "uid": "PBFA97CFB590B2093"
          },
          "editorMode": "code",
          "expr": "commitments_accepted_blocks{instance=\"$instance\"}\n",
          "format": "table",
          "legendFormat": "__auto",
          "range": true,
          "refId": "A"
        }
      ],
      "title": "Accepted blocks per slot $instance",
      "transformations": [
        {
          "id": "convertFieldType",
          "options": {
            "conversions": [
              {
                "destinationType": "number",
                "targetField": "slot"
              }
            ],
            "fields": {}
          }
        },
        {
          "id": "groupBy",
          "options": {
            "fields": {
              "Accepted Blocks": {
                "aggregations": [
                  "lastNotNull"
                ],
                "operation": "aggregate"
              },
              "Accepted Transactions": {
                "aggregations": [
                  "lastNotNull"
                ],
                "operation": "aggregate"
              },
              "Active validators": {
                "aggregations": [
                  "lastNotNull"
                ],
                "operation": "aggregate"
              },
              "Slot Index": {
                "aggregations": [],
                "operation": "groupby"
              },
              "Value": {
                "aggregations": [
                  "lastNotNull"
                ],
                "operation": "aggregate"
              },
              "accepted_blocks": {
                "aggregations": [
                  "lastNotNull"
                ],
                "operation": "aggregate"
              },
              "active_validators": {
                "aggregations": [
                  "lastNotNull"
                ],
                "operation": "aggregate"
              },
              "slot": {
                "aggregations": [],
                "operation": "groupby"
              },
              "transactions": {
                "aggregations": [
                  "lastNotNull"
                ],
                "operation": "aggregate"
              }
            }
          }
        },
        {
          "id": "sortBy",
          "options": {
            "fields": {},
            "sort": [
              {
                "desc": true,
                "field": "slot"
              }
            ]
          }
        },
        {
          "id": "limit",
          "options": {
            "limitField": 10
          }
        },
        {
          "id": "sortBy",
          "options": {
            "fields": {},
            "sort": [
              {
                "field": "slot"
              }
            ]
          }
        },
        {
          "id": "organize",
          "options": {
            "excludeByName": {},
            "indexByName": {
              "Time": 0,
              "Value": 7,
              "__name__": 1,
              "accepted_blocks": 2,
              "active_validators": 4,
              "instance": 5,
              "job": 6,
              "transactions": 3
            },
            "renameByName": {
              "Value": "Slot Index",
              "Value (lastNotNull)": "Accepted blocks",
              "accepted_blocks": "Accepted Blocks",
              "accepted_blocks (lastNotNull)": "Accepted Blocka",
              "active_validators": "Active validators",
              "active_validators (lastNotNull)": "Active Validators",
              "slot": "Slot Index",
              "transactions": "Accepted Transactions",
              "transactions (lastNotNull)": "Accepted Txs"
            }
          }
        }
      ],
      "type": "barchart"
    },
    {
      "datasource": {
        "type": "prometheus",
        "uid": "PBFA97CFB590B2093"
      },
      "description": "",
      "fieldConfig": {
        "defaults": {
          "color": {
            "mode": "palette-classic"
          },
          "custom": {
            "axisCenteredZero": false,
            "axisColorMode": "text",
            "axisLabel": "",
            "axisPlacement": "auto",
            "fillOpacity": 65,
            "gradientMode": "none",
            "hideFrom": {
              "legend": false,
              "tooltip": false,
              "viz": false
            },
            "lineWidth": 1,
            "scaleDistribution": {
              "type": "linear"
            },
            "thresholdsStyle": {
              "mode": "off"
            }
          },
          "mappings": [],
          "thresholds": {
            "mode": "absolute",
            "steps": [
              {
                "color": "green",
                "value": null
              }
            ]
          }
        },
        "overrides": [
          {
            "matcher": {
              "id": "byName",
              "options": "Slot Index"
            },
            "properties": [
              {
                "id": "unit",
                "value": "EI"
              }
            ]
          }
        ]
      },
      "gridPos": {
        "h": 8,
        "w": 8,
        "x": 8,
        "y": 14
      },
      "id": 172,
      "options": {
        "barRadius": 0,
        "barWidth": 0.97,
        "groupWidth": 0.7,
        "legend": {
          "calcs": [],
          "displayMode": "list",
          "placement": "bottom",
          "showLegend": true
        },
        "orientation": "auto",
        "showValue": "auto",
        "stacking": "none",
        "tooltip": {
          "mode": "single",
          "sort": "none"
        },
        "xField": "Slot Index",
        "xTickLabelRotation": -45,
        "xTickLabelSpacing": 0
      },
      "pluginVersion": "9.2.4",
      "repeat": "instance",
      "repeatDirection": "v",
      "targets": [
        {
          "datasource": {
            "type": "prometheus",
            "uid": "PBFA97CFB590B2093"
          },
          "editorMode": "code",
          "expr": "commitments_accepted_transactions{instance=\"$instance\"}",
          "format": "table",
          "legendFormat": "__auto",
          "range": true,
          "refId": "A"
        }
      ],
      "title": "Accepted transactions per slot $instance",
      "transformations": [
        {
          "id": "convertFieldType",
          "options": {
            "conversions": [
              {
                "destinationType": "number",
                "targetField": "slot"
              }
            ],
            "fields": {}
          }
        },
        {
          "id": "groupBy",
          "options": {
            "fields": {
              "Accepted Blocks": {
                "aggregations": [
                  "lastNotNull"
                ],
                "operation": "aggregate"
              },
              "Accepted Transactions": {
                "aggregations": [
                  "lastNotNull"
                ],
                "operation": "aggregate"
              },
              "Active validators": {
                "aggregations": [
                  "lastNotNull"
                ],
                "operation": "aggregate"
              },
              "Slot Index": {
                "aggregations": [],
                "operation": "groupby"
              },
              "Value": {
                "aggregations": [
                  "lastNotNull"
                ],
                "operation": "aggregate"
              },
              "accepted_blocks": {
                "aggregations": [
                  "lastNotNull"
                ],
                "operation": "aggregate"
              },
              "active_validators": {
                "aggregations": [
                  "lastNotNull"
                ],
                "operation": "aggregate"
              },
              "slot": {
                "aggregations": [],
                "operation": "groupby"
              },
              "transactions": {
                "aggregations": [
                  "lastNotNull"
                ],
                "operation": "aggregate"
              }
            }
          }
        },
        {
          "id": "sortBy",
          "options": {
            "fields": {},
            "sort": [
              {
                "desc": true,
                "field": "slot"
              }
            ]
          }
        },
        {
          "id": "limit",
          "options": {
            "limitField": 10
          }
        },
        {
          "id": "sortBy",
          "options": {
            "fields": {},
            "sort": [
              {
                "field": "slot"
              }
            ]
          }
        },
        {
          "id": "organize",
          "options": {
            "excludeByName": {},
            "indexByName": {
              "Time": 0,
              "Value": 7,
              "__name__": 1,
              "accepted_blocks": 2,
              "active_validators": 4,
              "instance": 5,
              "job": 6,
              "transactions": 3
            },
            "renameByName": {
              "Value": "Slot Index",
              "Value (lastNotNull)": "Accepted blocks",
              "accepted_blocks": "Accepted Blocks",
              "accepted_blocks (lastNotNull)": "Accepted Blocka",
              "active_validators": "Active validators",
              "active_validators (lastNotNull)": "Active Validators",
              "slot": "Slot Index",
              "transactions": "Accepted Transactions",
              "transactions (lastNotNull)": "Accepted Txs"
            }
          }
        }
      ],
      "type": "barchart"
    },
    {
      "datasource": {
        "type": "prometheus",
        "uid": "PBFA97CFB590B2093"
      },
      "description": "",
      "fieldConfig": {
        "defaults": {
          "color": {
            "mode": "palette-classic"
          },
          "custom": {
            "axisCenteredZero": false,
            "axisColorMode": "text",
            "axisLabel": "",
            "axisPlacement": "auto",
            "fillOpacity": 65,
            "gradientMode": "none",
            "hideFrom": {
              "legend": false,
              "tooltip": false,
              "viz": false
            },
            "lineWidth": 1,
            "scaleDistribution": {
              "type": "linear"
            },
            "thresholdsStyle": {
              "mode": "off"
            }
          },
          "mappings": [],
          "thresholds": {
            "mode": "absolute",
            "steps": [
              {
                "color": "green",
                "value": null
              }
            ]
          }
        },
        "overrides": [
          {
            "matcher": {
              "id": "byName",
              "options": "Slot Index"
            },
            "properties": [
              {
                "id": "unit",
                "value": "EI"
              }
            ]
          },
          {
            "matcher": {
              "id": "byName",
              "options": "Value (lastNotNull)"
            },
            "properties": [
              {
                "id": "color",
                "value": {
                  "fixedColor": "blue",
                  "mode": "fixed"
                }
              }
            ]
          }
        ]
      },
      "gridPos": {
        "h": 8,
        "w": 8,
        "x": 16,
        "y": 14
      },
      "id": 185,
      "options": {
        "barRadius": 0,
        "barWidth": 0.97,
        "groupWidth": 0.7,
        "legend": {
          "calcs": [],
          "displayMode": "list",
          "placement": "bottom",
          "showLegend": true
        },
        "orientation": "auto",
        "showValue": "auto",
        "stacking": "none",
        "tooltip": {
          "mode": "single",
          "sort": "none"
        },
        "xField": "Slot Index",
        "xTickLabelRotation": -45,
        "xTickLabelSpacing": 0
      },
      "pluginVersion": "9.2.4",
      "repeat": "instance",
      "repeatDirection": "v",
      "targets": [
        {
          "datasource": {
            "type": "prometheus",
            "uid": "PBFA97CFB590B2093"
          },
          "editorMode": "code",
          "expr": "commitments_active_validators{instance=\"$instance\"}",
          "format": "table",
          "legendFormat": "__auto",
          "range": true,
          "refId": "A"
        }
      ],
      "title": "Active validators per slot $instance",
      "transformations": [
        {
          "id": "convertFieldType",
          "options": {
            "conversions": [
              {
                "destinationType": "number",
                "targetField": "slot"
              }
            ],
            "fields": {}
          }
        },
        {
          "id": "groupBy",
          "options": {
            "fields": {
              "Accepted Blocks": {
                "aggregations": [
                  "lastNotNull"
                ],
                "operation": "aggregate"
              },
              "Accepted Transactions": {
                "aggregations": [
                  "lastNotNull"
                ],
                "operation": "aggregate"
              },
              "Active validators": {
                "aggregations": [
                  "lastNotNull"
                ],
                "operation": "aggregate"
              },
              "Slot Index": {
                "aggregations": [],
                "operation": "groupby"
              },
              "Value": {
                "aggregations": [
                  "lastNotNull"
                ],
                "operation": "aggregate"
              },
              "accepted_blocks": {
                "aggregations": [
                  "lastNotNull"
                ],
                "operation": "aggregate"
              },
              "active_validators": {
                "aggregations": [
                  "lastNotNull"
                ],
                "operation": "aggregate"
              },
              "slot": {
                "aggregations": [],
                "operation": "groupby"
              },
              "transactions": {
                "aggregations": [
                  "lastNotNull"
                ],
                "operation": "aggregate"
              }
            }
          }
        },
        {
          "id": "sortBy",
          "options": {
            "fields": {},
            "sort": [
              {
                "desc": true,
                "field": "slot"
              }
            ]
          }
        },
        {
          "id": "limit",
          "options": {
            "limitField": 10
          }
        },
        {
          "id": "sortBy",
          "options": {
            "fields": {},
            "sort": [
              {
                "field": "slot"
              }
            ]
          }
        },
        {
          "id": "organize",
          "options": {
            "excludeByName": {},
            "indexByName": {
              "Time": 0,
              "Value": 7,
              "__name__": 1,
              "accepted_blocks": 2,
              "active_validators": 4,
              "instance": 5,
              "job": 6,
              "transactions": 3
            },
            "renameByName": {
              "Value": "Slot Index",
              "Value (lastNotNull)": "Accepted blocks",
              "accepted_blocks": "Accepted Blocks",
              "accepted_blocks (lastNotNull)": "Accepted Blocka",
              "active_validators": "Active validators",
              "active_validators (lastNotNull)": "Active Validators",
              "slot": "Slot Index",
              "transactions": "Accepted Transactions",
              "transactions (lastNotNull)": "Accepted Txs"
            }
          }
        }
      ],
      "type": "barchart"
    },
    {
      "collapsed": false,
      "gridPos": {
        "h": 1,
        "w": 24,
        "x": 0,
        "y": 70
      },
      "id": 33,
      "panels": [],
      "title": "Slot Commitments",
      "type": "row"
    },
    {
      "datasource": {
        "type": "prometheus",
        "uid": "PBFA97CFB590B2093"
      },
      "fieldConfig": {
        "defaults": {
          "color": {
            "mode": "fixed"
          },
          "custom": {
            "align": "auto",
            "displayMode": "auto",
            "filterable": false,
            "inspect": false
          },
          "mappings": [],
          "thresholds": {
            "mode": "absolute",
            "steps": [
              {
                "color": "semi-dark-green",
                "value": null
              }
            ]
          },
          "unit": "EI"
        },
        "overrides": [
          {
            "matcher": {
              "id": "byName",
              "options": "slot"
            },
            "properties": [
              {
                "id": "custom.displayMode",
                "value": "color-text"
              },
              {
                "id": "color",
                "value": {
                  "fixedColor": "dark-green",
                  "mode": "fixed"
                }
              }
            ]
          },
          {
            "matcher": {
              "id": "byName",
              "options": "Value"
            },
            "properties": [
              {
                "id": "custom.hidden",
                "value": true
              }
            ]
          },
          {
            "matcher": {
              "id": "byName",
              "options": "commitment"
            },
            "properties": [
              {
                "id": "custom.displayMode",
                "value": "color-background-solid"
              },
              {
                "id": "color",
                "value": {
                  "fixedColor": "#143003",
                  "mode": "fixed"
                }
              }
            ]
          }
        ]
      },
      "gridPos": {
        "h": 8,
        "w": 6,
        "x": 0,
        "y": 71
      },
      "id": 39,
      "maxPerRow": 4,
      "options": {
        "footer": {
          "enablePagination": false,
          "fields": "",
          "reducer": [
            "last"
          ],
          "show": false
        },
        "showHeader": true,
        "sortBy": [
          {
            "desc": true,
            "displayName": "Slot Index"
          }
        ]
      },
      "pluginVersion": "9.3.2",
      "repeat": "instance",
      "repeatDirection": "h",
      "targets": [
        {
          "datasource": {
            "type": "prometheus",
            "uid": "PBFA97CFB590B2093"
          },
          "editorMode": "code",
          "exemplar": false,
          "expr": "max(commitments_latest{instance=\"$instance\", slot!=\"0\"}) by (commitment, slot)",
          "format": "table",
          "hide": false,
          "instant": true,
          "legendFormat": "__auto",
          "range": false,
          "refId": "A"
        }
      ],
      "title": "Commitments $instance",
      "transformations": [
        {
          "id": "seriesToRows",
          "options": {}
        },
        {
          "id": "convertFieldType",
          "options": {
            "conversions": [
              {
                "destinationType": "number",
                "targetField": "slot"
              }
            ],
            "fields": {}
          }
        },
        {
          "id": "limit",
          "options": {
            "limitField": 100
          }
        },
        {
          "id": "organize",
          "options": {
            "excludeByName": {
              "Time": true,
              "Value": true
            },
            "indexByName": {},
            "renameByName": {
              "commitment": "Commitment",
              "slot": "Slot Index"
            }
          }
        }
      ],
      "transparent": true,
      "type": "table"
    },
    {
      "datasource": {
        "type": "prometheus",
        "uid": "PBFA97CFB590B2093"
      },
      "fieldConfig": {
        "defaults": {
          "color": {
            "mode": "palette-classic"
          },
          "custom": {
            "axisCenteredZero": false,
            "axisColorMode": "text",
            "axisLabel": "",
            "axisPlacement": "auto",
            "fillOpacity": 80,
            "gradientMode": "none",
            "hideFrom": {
              "legend": false,
              "tooltip": false,
              "viz": false
            },
            "lineWidth": 4,
            "scaleDistribution": {
              "type": "linear"
            },
            "thresholdsStyle": {
              "mode": "off"
            }
          },
          "mappings": [],
          "thresholds": {
            "mode": "absolute",
            "steps": [
              {
                "color": "green",
                "value": null
              },
              {
                "color": "red",
                "value": 80
              }
            ]
          }
        },
        "overrides": []
      },
      "gridPos": {
        "h": 6,
        "w": 12,
        "x": 0,
        "y": 87
      },
      "id": 47,
      "options": {
        "barRadius": 0.05,
        "barWidth": 0.97,
        "colorByField": "Metric",
        "groupWidth": 0.7,
        "legend": {
          "calcs": [],
          "displayMode": "table",
          "placement": "right",
          "showLegend": false
        },
        "orientation": "auto",
        "showValue": "always",
        "stacking": "none",
        "tooltip": {
          "mode": "single",
          "sort": "none"
        },
        "xTickLabelRotation": 0,
        "xTickLabelSpacing": 0
      },
      "targets": [
        {
          "datasource": {
            "type": "prometheus",
            "uid": "PBFA97CFB590B2093"
          },
          "editorMode": "code",
          "exemplar": false,
          "expr": "commitments_seen_total{instance=~\"$instance\"}",
          "format": "time_series",
          "instant": false,
          "legendFormat": "{{instance}}",
          "range": true,
          "refId": "A"
        }
      ],
      "title": "Number of forks noticed by node",
      "transformations": [
        {
          "id": "limit",
          "options": {
            "limitField": 1
          }
        },
        {
          "id": "seriesToRows",
          "options": {}
        }
      ],
      "type": "barchart"
    },
    {
      "collapsed": false,
      "gridPos": {
        "h": 1,
        "w": 24,
        "x": 0,
        "y": 93
      },
      "id": 59,
      "panels": [],
      "title": "Missing commitments",
      "type": "row"
    },
    {
      "datasource": {
        "type": "prometheus",
        "uid": "PBFA97CFB590B2093"
      },
      "fieldConfig": {
        "defaults": {
          "color": {
            "mode": "palette-classic"
          },
          "custom": {
            "axisCenteredZero": false,
            "axisColorMode": "text",
            "axisLabel": "",
            "axisPlacement": "auto",
            "fillOpacity": 80,
            "gradientMode": "none",
            "hideFrom": {
              "legend": false,
              "tooltip": false,
              "viz": false
            },
            "lineWidth": 4,
            "scaleDistribution": {
              "type": "linear"
            },
            "thresholdsStyle": {
              "mode": "off"
            }
          },
          "mappings": [],
          "thresholds": {
            "mode": "absolute",
            "steps": [
              {
                "color": "green",
                "value": null
              },
              {
                "color": "red",
                "value": 80
              }
            ]
          }
        },
        "overrides": []
      },
      "gridPos": {
        "h": 6,
        "w": 12,
        "x": 0,
        "y": 94
      },
      "id": 49,
      "options": {
        "barRadius": 0.05,
        "barWidth": 0.97,
        "groupWidth": 0.7,
        "legend": {
          "calcs": [],
          "displayMode": "table",
          "placement": "right",
          "showLegend": false
        },
        "orientation": "auto",
        "showValue": "auto",
        "stacking": "none",
        "tooltip": {
          "mode": "single",
          "sort": "none"
        },
        "xTickLabelRotation": 0,
        "xTickLabelSpacing": 0
      },
      "targets": [
        {
          "datasource": {
            "type": "prometheus",
            "uid": "PBFA97CFB590B2093"
          },
          "editorMode": "code",
          "exemplar": false,
          "expr": "commitments_missing_received_total{instance=~\"$instance\"}",
          "format": "time_series",
          "instant": false,
          "legendFormat": "{{instance}}",
          "range": true,
          "refId": "A"
        }
      ],
      "title": "Number of received missing commitments ",
      "transformations": [
        {
          "id": "limit",
          "options": {
            "limitField": 1
          }
        },
        {
          "id": "seriesToRows",
          "options": {}
        }
      ],
      "type": "barchart"
    },
    {
      "datasource": {
        "type": "prometheus",
        "uid": "PBFA97CFB590B2093"
      },
      "fieldConfig": {
        "defaults": {
          "color": {
            "mode": "palette-classic"
          },
          "custom": {
            "axisCenteredZero": false,
            "axisColorMode": "text",
            "axisGridShow": true,
            "axisLabel": "",
            "axisPlacement": "auto",
            "fillOpacity": 80,
            "gradientMode": "none",
            "hideFrom": {
              "legend": false,
              "tooltip": false,
              "viz": false
            },
            "lineWidth": 4,
            "scaleDistribution": {
              "type": "linear"
            },
            "thresholdsStyle": {
              "mode": "off"
            }
          },
          "mappings": [],
          "thresholds": {
            "mode": "absolute",
            "steps": [
              {
                "color": "green",
                "value": null
              },
              {
                "color": "red",
                "value": 80
              }
            ]
          }
        },
        "overrides": []
      },
      "gridPos": {
        "h": 6,
        "w": 12,
        "x": 12,
        "y": 94
      },
      "id": 48,
      "options": {
        "barRadius": 0.05,
        "barWidth": 0.97,
        "groupWidth": 0.7,
        "legend": {
          "calcs": [],
          "displayMode": "table",
          "placement": "right",
          "showLegend": false
        },
        "orientation": "auto",
        "showValue": "auto",
        "stacking": "none",
        "text": {
          "valueSize": 20
        },
        "tooltip": {
          "mode": "single",
          "sort": "none"
        },
        "xField": "Metric",
        "xTickLabelRotation": 0,
        "xTickLabelSpacing": 0
      },
      "targets": [
        {
          "datasource": {
            "type": "prometheus",
            "uid": "PBFA97CFB590B2093"
          },
          "editorMode": "code",
          "exemplar": false,
          "expr": "commitments_missing_requested_total{instance=~\"$instance\"}",
          "format": "time_series",
          "instant": false,
          "legendFormat": "{{instance}}",
          "range": true,
          "refId": "A"
        }
      ],
      "title": "Number of missing commitments by node",
      "transformations": [
        {
          "id": "limit",
          "options": {
            "limitField": 1
          }
        },
        {
          "id": "seriesToRows",
          "options": {}
        }
      ],
      "type": "barchart"
    }
  ],
  "refresh": "5s",
  "schemaVersion": 37,
  "style": "dark",
  "tags": [],
  "templating": {
    "list": [
      {
        "current": {
          "selected": true,
          "text": [
            "All"
          ],
          "value": [
            "$__all"
          ]
        },
        "datasource": {
          "type": "prometheus",
          "uid": "PBFA97CFB590B2093"
        },
        "definition": "label_values(info_app, instance)",
        "hide": 0,
        "includeAll": true,
        "label": "Instance",
        "multi": true,
        "name": "instance",
        "options": [],
        "query": {
          "query": "label_values(info_app, instance)",
          "refId": "StandardVariableQuery"
        },
        "refresh": 1,
        "regex": "",
        "skipUrlSync": false,
        "sort": 0,
        "type": "query"
      },
      {
        "datasource": {
          "type": "prometheus",
          "uid": "PBFA97CFB590B2093"
        },
        "filters": [],
        "hide": 0,
        "name": "Filters",
        "skipUrlSync": false,
        "type": "adhoc"
      }
    ]
  },
  "time": {
    "from": "now-15m",
    "to": "now"
  },
  "timepicker": {
    "refresh_intervals": [
      "5s",
      "10s",
      "30s",
      "1m",
      "5m",
      "15m",
      "30m",
      "1h",
      "2h",
      "1d"
    ]
  },
  "timezone": "",
  "title": "Global Nodes View",
  "uid": "JKcc02v4d",
  "version": 2,
  "weekStart": ""
}