{
  "annotations": {
    "list": [
      {
        "builtIn": 1,
        "datasource": {
          "type": "datasource",
          "uid": "grafana"
        },
        "enable": true,
        "hide": true,
        "iconColor": "rgba(0, 211, 255, 1)",
        "name": "Annotations & Alerts",
        "target": {
          "limit": 100,
          "matchAny": false,
          "tags": [],
          "type": "dashboard"
        },
        "type": "dashboard"
      }
    ]
  },
  "editable": true,
  "fiscalYearStartMonth": 0,
  "graphTooltip": 0,
  "id": 6,
  "links": [],
  "liveNow": false,
  "panels": [
    {
      "collapsed": false,
      "gridPos": {
        "h": 1,
        "w": 24,
        "x": 0,
        "y": 0
      },
      "id": 63,
      "panels": [],
      "title": "Slot metrics",
      "type": "row"
    },
    {
      "datasource": {
        "type": "prometheus",
        "uid": "PBFA97CFB590B2093"
      },
      "description": "",
      "fieldConfig": {
        "defaults": {
          "color": {
            "mode": "thresholds"
          },
          "custom": {
            "align": "auto",
            "displayMode": "auto",
            "inspect": false,
            "minWidth": 50
          },
          "mappings": [],
          "thresholds": {
            "mode": "absolute",
            "steps": [
              {
                "color": "green",
                "value": null
              }
            ]
          },
          "unit": "none"
        },
        "overrides": []
      },
      "gridPos": {
        "h": 8,
        "w": 8,
        "x": 0,
        "y": 1
      },
      "id": 115,
      "options": {
        "footer": {
          "fields": "",
          "reducer": [
            "sum"
          ],
          "show": false
        },
        "showHeader": true
      },
      "pluginVersion": "9.2.6",
      "repeat": "instance",
      "repeatDirection": "v",
      "targets": [
        {
          "datasource": {
            "type": "prometheus",
            "uid": "PBFA97CFB590B2093"
          },
          "editorMode": "code",
          "expr": "slots_total_blocks{instance=\"$instance\"}\n",
          "format": "table",
          "hide": false,
          "legendFormat": "__auto",
          "range": true,
          "refId": "A"
        },
        {
          "datasource": {
            "type": "prometheus",
            "uid": "PBFA97CFB590B2093"
          },
          "editorMode": "code",
          "expr": "slots_accepted_blocks{instance=\"$instance\"}\n",
          "format": "table",
          "hide": false,
          "legendFormat": "__auto",
          "range": true,
          "refId": "B"
        },
        {
          "datasource": {
            "type": "prometheus",
            "uid": "PBFA97CFB590B2093"
          },
          "editorMode": "code",
          "expr": "slots_orphaned_blocks{instance=\"$instance\"}\n",
          "format": "table",
          "hide": false,
          "legendFormat": "__auto",
          "range": true,
          "refId": "C"
        },
        {
          "datasource": {
            "type": "prometheus",
            "uid": "PBFA97CFB590B2093"
          },
          "editorMode": "code",
          "expr": "slots_invalid_blocks{instance=\"$instance\"}\n",
          "format": "table",
          "hide": false,
          "legendFormat": "__auto",
          "range": true,
          "refId": "D"
        },
        {
          "datasource": {
            "type": "prometheus",
            "uid": "PBFA97CFB590B2093"
          },
          "editorMode": "code",
          "expr": "slots_subjectively_invalid_blocks{instance=\"$instance\"}\n",
          "format": "table",
          "hide": false,
          "legendFormat": "__auto",
          "range": true,
          "refId": "E"
        }
      ],
      "title": "Blocks per slot $instance",
      "transformations": [
        {
          "id": "groupBy",
          "options": {
            "fields": {
              "Accepted Blocks": {
                "aggregations": [
                  "lastNotNull"
                ],
                "operation": "aggregate"
              },
              "Accepted Transactions": {
                "aggregations": [
                  "lastNotNull"
                ],
                "operation": "aggregate"
              },
              "Active validators": {
                "aggregations": [
                  "lastNotNull"
                ],
                "operation": "aggregate"
              },
              "Slot Index": {
                "aggregations": [],
                "operation": "groupby"
              },
              "Time": {
                "aggregations": []
              },
              "Value": {
                "aggregations": [
                  "lastNotNull"
                ],
                "operation": "aggregate"
              },
              "Value #A": {
                "aggregations": [
                  "lastNotNull"
                ],
                "operation": "aggregate"
              },
              "Value #B": {
                "aggregations": [
                  "lastNotNull"
                ],
                "operation": "aggregate"
              },
              "Value #C": {
                "aggregations": [
                  "lastNotNull"
                ],
                "operation": "aggregate"
              },
              "Value #D": {
                "aggregations": [
                  "lastNotNull"
                ],
                "operation": "aggregate"
              },
              "Value #E": {
                "aggregations": [
                  "lastNotNull"
                ],
                "operation": "aggregate"
              },
              "__name__": {
                "aggregations": []
              },
              "accepted_blocks": {
                "aggregations": [
                  "lastNotNull"
                ],
                "operation": "aggregate"
              },
              "active_validators": {
                "aggregations": [
                  "lastNotNull"
                ],
                "operation": "aggregate"
              },
              "slot": {
                "aggregations": [],
                "operation": "groupby"
              },
              "instance": {
                "aggregations": []
              },
              "transactions": {
                "aggregations": [
                  "lastNotNull"
                ],
                "operation": "aggregate"
              }
            }
          }
        },
        {
          "id": "sortBy",
          "options": {
            "fields": {},
            "sort": [
              {
                "field": "slot"
              }
            ]
          }
        },
        {
          "id": "joinByField",
          "options": {
            "byField": "slot",
            "mode": "outer"
          }
        },
        {
          "id": "organize",
          "options": {
            "excludeByName": {},
            "indexByName": {
              "Time": 0,
              "Value": 7,
              "__name__": 1,
              "accepted_blocks": 2,
              "active_validators": 4,
              "instance": 5,
              "job": 6,
              "transactions": 3
            },
            "renameByName": {
              "Value": "Slot Index",
              "Value #A (lastNotNull)": "Attached ",
              "Value #B (lastNotNull)": "Accepted ",
              "Value #C (lastNotNull)": "Orphaned ",
              "Value #D (lastNotNull)": "Invalid ",
              "Value #E (lastNotNull)": "Subj. inv.",
              "Value (lastNotNull)": "Attached blocks",
              "accepted_blocks": "Accepted Blocks",
              "accepted_blocks (lastNotNull)": "Accepted Blocka",
              "active_validators": "Active validators",
              "active_validators (lastNotNull)": "Active Validators",
              "slot": "EI",
              "transactions": "Accepted Transactions",
              "transactions (lastNotNull)": "Accepted Txs"
            }
          }
        }
      ],
      "type": "table"
    },
    {
      "datasource": {
        "type": "prometheus",
        "uid": "PBFA97CFB590B2093"
      },
      "description": "",
      "fieldConfig": {
        "defaults": {
          "color": {
            "mode": "thresholds"
          },
          "custom": {
            "align": "auto",
            "displayMode": "auto",
            "inspect": false,
            "minWidth": 50
          },
          "mappings": [],
          "thresholds": {
            "mode": "absolute",
            "steps": [
              {
                "color": "green",
                "value": null
              }
            ]
          },
          "unit": "none"
        },
        "overrides": []
      },
      "gridPos": {
        "h": 8,
        "w": 8,
        "x": 8,
        "y": 1
      },
      "id": 211,
      "options": {
        "footer": {
          "fields": "",
          "reducer": [
            "sum"
          ],
          "show": false
        },
        "showHeader": true,
        "sortBy": []
      },
      "pluginVersion": "9.2.6",
      "repeat": "instance",
      "repeatDirection": "v",
      "targets": [
        {
          "datasource": {
            "type": "prometheus",
            "uid": "PBFA97CFB590B2093"
          },
          "editorMode": "code",
          "expr": "slots_orphaned_attachments{instance=\"$instance\"}\n",
          "format": "table",
          "hide": false,
          "legendFormat": "__auto",
          "range": true,
          "refId": "E"
        },
        {
          "datasource": {
            "type": "prometheus",
            "uid": "PBFA97CFB590B2093"
          },
          "editorMode": "code",
          "expr": "slots_total_attachments{instance=\"$instance\"}\n",
          "format": "table",
          "hide": false,
          "legendFormat": "__auto",
          "range": true,
          "refId": "D"
        },
        {
          "datasource": {
            "type": "prometheus",
            "uid": "PBFA97CFB590B2093"
          },
          "editorMode": "code",
          "expr": "slots_rejected_attachments{instance=\"$instance\"}\n",
          "format": "table",
          "hide": false,
          "legendFormat": "__auto",
          "range": true,
          "refId": "F"
        },
        {
          "datasource": {
            "type": "prometheus",
            "uid": "PBFA97CFB590B2093"
          },
          "editorMode": "code",
          "expr": "slots_accepted_attachments{instance=\"$instance\"}\n",
          "format": "table",
          "hide": false,
          "legendFormat": "__auto",
          "range": true,
          "refId": "G"
        }
      ],
      "title": "Transactions per slot $instance",
      "transformations": [
        {
          "id": "groupBy",
          "options": {
            "fields": {
              "Accepted Blocks": {
                "aggregations": [
                  "lastNotNull"
                ],
                "operation": "aggregate"
              },
              "Accepted Transactions": {
                "aggregations": [
                  "lastNotNull"
                ],
                "operation": "aggregate"
              },
              "Active validators": {
                "aggregations": [
                  "lastNotNull"
                ],
                "operation": "aggregate"
              },
              "Slot Index": {
                "aggregations": [],
                "operation": "groupby"
              },
              "Time": {
                "aggregations": []
              },
              "Value": {
                "aggregations": [
                  "lastNotNull"
                ],
                "operation": "aggregate"
              },
              "Value #A": {
                "aggregations": [
                  "lastNotNull"
                ],
                "operation": "aggregate"
              },
              "Value #B": {
                "aggregations": [
                  "lastNotNull"
                ],
                "operation": "aggregate"
              },
              "Value #C": {
                "aggregations": [
                  "lastNotNull"
                ],
                "operation": "aggregate"
              },
              "Value #D": {
                "aggregations": [
                  "lastNotNull"
                ],
                "operation": "aggregate"
              },
              "Value #E": {
                "aggregations": [
                  "lastNotNull"
                ],
                "operation": "aggregate"
              },
              "Value #F": {
                "aggregations": [
                  "lastNotNull"
                ],
                "operation": "aggregate"
              },
              "Value #G": {
                "aggregations": [
                  "lastNotNull"
                ],
                "operation": "aggregate"
              },
              "Value #H": {
                "aggregations": [
                  "lastNotNull"
                ],
                "operation": "aggregate"
              },
              "Value #I": {
                "aggregations": [
                  "lastNotNull"
                ],
                "operation": "aggregate"
              },
              "__name__": {
                "aggregations": []
              },
              "accepted_blocks": {
                "aggregations": [
                  "lastNotNull"
                ],
                "operation": "aggregate"
              },
              "active_validators": {
                "aggregations": [
                  "lastNotNull"
                ],
                "operation": "aggregate"
              },
              "slot": {
                "aggregations": [],
                "operation": "groupby"
              },
              "instance": {
                "aggregations": []
              },
              "transactions": {
                "aggregations": [
                  "lastNotNull"
                ],
                "operation": "aggregate"
              }
            }
          }
        },
        {
          "id": "sortBy",
          "options": {
            "fields": {},
            "sort": [
              {
                "field": "slot"
              }
            ]
          }
        },
        {
          "id": "joinByField",
          "options": {
            "byField": "slot",
            "mode": "outer"
          }
        },
        {
          "id": "organize",
          "options": {
            "excludeByName": {},
            "indexByName": {
              "Value #A (lastNotNull)": 1,
              "Value #B (lastNotNull)": 4,
              "Value #C (lastNotNull)": 2,
              "Value #D (lastNotNull)": 5,
              "Value #E (lastNotNull)": 9,
              "Value #F (lastNotNull)": 7,
              "Value #G (lastNotNull)": 6,
              "Value #H (lastNotNull)": 3,
              "Value #I (lastNotNull)": 8,
              "slot": 0
            },
            "renameByName": {
              "Value": "Slot Index",
              "Value #A (lastNotNull)": "Tot. tr.",
              "Value #B (lastNotNull)": "Inv. tr. ",
              "Value #C (lastNotNull)": "Acc. tr.",
              "Value #D (lastNotNull)": "Total att.",
              "Value #E (firstNotNull)": "Orphaned attachments",
              "Value #E (lastNotNull)": "Orph. att.",
              "Value #F (lastNotNull)": "Rej. att.",
              "Value #G (lastNotNull)": "Acc. att.",
              "Value #H (lastNotNull)": "Rej. tr.",
              "Value #I (lastNotNull)": "NC. att.",
              "Value (lastNotNull)": "Attached blocks",
              "accepted_blocks": "Accepted Blocks",
              "accepted_blocks (lastNotNull)": "Accepted Blocka",
              "active_validators": "Active validators",
              "active_validators (lastNotNull)": "Active Validators",
              "slot": "EI",
              "transactions": "Accepted Transactions",
              "transactions (lastNotNull)": "Accepted Txs"
            }
          }
        }
      ],
      "type": "table"
    },
    {
      "datasource": {
        "type": "prometheus",
        "uid": "PBFA97CFB590B2093"
      },
      "description": "",
      "fieldConfig": {
        "defaults": {
          "color": {
            "mode": "thresholds"
          },
          "custom": {
            "align": "auto",
            "displayMode": "auto",
            "inspect": false,
            "minWidth": 50
          },
          "mappings": [],
          "thresholds": {
            "mode": "absolute",
            "steps": [
              {
                "color": "green",
                "value": null
              }
            ]
          }
        },
        "overrides": [
          {
            "matcher": {
              "id": "byName",
              "options": "Slot Index"
            },
            "properties": [
              {
                "id": "unit",
                "value": "EI"
              }
            ]
          }
        ]
      },
      "gridPos": {
        "h": 8,
        "w": 8,
        "x": 16,
        "y": 1
      },
      "id": 207,
      "options": {
        "footer": {
          "fields": "",
          "reducer": [
            "sum"
          ],
          "show": false
        },
        "showHeader": true
      },
      "pluginVersion": "9.2.6",
      "repeat": "instance",
      "repeatDirection": "v",
      "targets": [
        {
          "datasource": {
            "type": "prometheus",
            "uid": "PBFA97CFB590B2093"
          },
          "editorMode": "code",
          "expr": "slots_created_conflicts{instance=\"$instance\"}\n",
          "format": "table",
          "legendFormat": "__auto",
          "range": true,
          "refId": "A"
        },
        {
          "datasource": {
            "type": "prometheus",
            "uid": "PBFA97CFB590B2093"
          },
          "editorMode": "code",
          "expr": "slots_accepted_conflicts{instance=\"$instance\"}\n",
          "format": "table",
          "hide": false,
          "legendFormat": "__auto",
          "range": true,
          "refId": "B"
        },
        {
          "datasource": {
            "type": "prometheus",
            "uid": "PBFA97CFB590B2093"
          },
          "editorMode": "code",
          "expr": "slots_rejected_conflicts{instance=\"$instance\"}\n",
          "format": "table",
          "hide": false,
          "legendFormat": "__auto",
          "range": true,
          "refId": "C"
        },
        {
          "datasource": {
            "type": "prometheus",
            "uid": "PBFA97CFB590B2093"
          },
          "editorMode": "code",
          "expr": "slots_not_conflicting_conflicts{instance=\"$instance\"}\n",
          "format": "table",
          "hide": false,
          "legendFormat": "__auto",
          "range": true,
          "refId": "D"
        }
      ],
      "title": "Conflicts per slot $instance",
      "transformations": [
        {
          "id": "groupBy",
          "options": {
            "fields": {
              "Accepted Blocks": {
                "aggregations": [
                  "lastNotNull"
                ],
                "operation": "aggregate"
              },
              "Accepted Transactions": {
                "aggregations": [
                  "lastNotNull"
                ],
                "operation": "aggregate"
              },
              "Active validators": {
                "aggregations": [
                  "lastNotNull"
                ],
                "operation": "aggregate"
              },
              "Slot Index": {
                "aggregations": [],
                "operation": "groupby"
              },
              "Value": {
                "aggregations": [
                  "lastNotNull"
                ],
                "operation": "aggregate"
              },
              "Value #A": {
                "aggregations": [
                  "lastNotNull"
                ],
                "operation": "aggregate"
              },
              "Value #B": {
                "aggregations": [
                  "lastNotNull"
                ],
                "operation": "aggregate"
              },
              "Value #C": {
                "aggregations": [
                  "lastNotNull"
                ],
                "operation": "aggregate"
              },
              "Value #D": {
                "aggregations": [
                  "lastNotNull"
                ],
                "operation": "aggregate"
              },
              "accepted_blocks": {
                "aggregations": [
                  "lastNotNull"
                ],
                "operation": "aggregate"
              },
              "active_validators": {
                "aggregations": [
                  "lastNotNull"
                ],
                "operation": "aggregate"
              },
              "slot": {
                "aggregations": [],
                "operation": "groupby"
              },
              "transactions": {
                "aggregations": [
                  "lastNotNull"
                ],
                "operation": "aggregate"
              }
            }
          }
        },
        {
          "id": "sortBy",
          "options": {
            "fields": {},
            "sort": [
              {
                "field": "slot"
              }
            ]
          }
        },
        {
          "id": "joinByField",
          "options": {
            "byField": "slot",
            "mode": "outer"
          }
        },
        {
          "id": "organize",
          "options": {
            "excludeByName": {},
            "indexByName": {
              "Time": 0,
              "Value": 7,
              "__name__": 1,
              "accepted_blocks": 2,
              "active_validators": 4,
              "instance": 5,
              "job": 6,
              "transactions": 3
            },
            "renameByName": {
              "Value": "Slot Index",
              "Value #A (lastNotNull)": "Created",
              "Value #B (lastNotNull)": "Accepted",
              "Value #C (lastNotNull)": "Rejeced",
              "Value #D (lastNotNull)": "Not Confl.",
              "Value (lastNotNull)": "Attached blocks",
              "accepted_blocks": "Accepted Blocks",
              "accepted_blocks (lastNotNull)": "Accepted Blocka",
              "active_validators": "Active validators",
              "active_validators (lastNotNull)": "Active Validators",
              "slot": "EI",
              "transactions": "Accepted Transactions",
              "transactions (lastNotNull)": "Accepted Txs"
            }
          }
        }
      ],
      "type": "table"
    }
  ],
  "refresh": "10s",
  "schemaVersion": 37,
  "style": "dark",
  "tags": [],
  "templating": {
    "list": [
      {
        "current": {
          "selected": false,
          "text": [
            "All"
          ],
          "value": [
            "$__all"
          ]
        },
        "datasource": {
          "type": "prometheus",
          "uid": "PBFA97CFB590B2093"
        },
        "definition": "label_values(info_app, instance)",
        "hide": 0,
        "includeAll": true,
        "label": "Instance",
        "multi": true,
        "name": "instance",
        "options": [],
        "query": {
          "query": "label_values(info_app, instance)",
          "refId": "StandardVariableQuery"
        },
        "refresh": 1,
        "regex": "",
        "skipUrlSync": false,
        "sort": 0,
        "type": "query"
      },
      {
        "datasource": {
          "type": "prometheus",
          "uid": "PBFA97CFB590B2093"
        },
        "filters": [],
        "hide": 0,
        "name": "Filters",
        "skipUrlSync": false,
        "type": "adhoc"
      }
    ]
  },
  "time": {
    "from": "now-30m",
    "to": "now"
  },
  "timepicker": {
    "refresh_intervals": [
      "5s",
      "10s",
      "30s",
      "1m",
      "5m",
      "15m",
      "30m",
      "1h",
      "2h",
      "1d"
    ]
  },
  "timezone": "",
  "title": "Global Slots View",
  "uid": "9eivfEo4z",
  "version": 4,
  "weekStart": ""
}