{
  "autoPeering": {
    "entryNodes": [
      "2PV5487xMw5rasGBXXWeqSi4hLz7r19YBt8Y1TGAsQbj@analysisentry-01.devnet.shimmer.iota.cafe:15626",
      "5EDH4uY78EA6wrBkHHAVBWBMDt7EcksRq6pjzipoW15B@entry-0.devnet.tanglebay.com:14646",
      "CAB87iQZR6BjBrCgEBupQJ4gpEBgvGKKv3uuGVRBKb4n@entry-1.devnet.tanglebay.com:14646"
    ],
    "bindAddress": "0.0.0.0:14626"
  },
  "dashboard": {
    "bindAddress": "127.0.0.1:8081",
    "dev": false,
    "basicAuth": {
      "enabled": false,
      "username": "goshimmer",
      "password": "goshimmer"
    }
  },
  "database": {
    "directory": "mainnetdb",
    "inMemory": false
  },
  "p2p": {
    "bindAddress": "0.0.0.0:14666"
  },
  "logger": {
    "level": "info",
    "disableCaller": false,
    "disableStacktrace": false,
    "encoding": "console",
    "outputPaths": [
      "stdout",
      "goshimmer.log"
    ],
    "disableEvents": true,
    "remotelog": {
      "serverAddress": "metrics-01.devnet.shimmer.iota.cafe:5213"
    }
  },
  "metrics": {
    "local": true,
    "global": false
  },
  "mana": {
    "allowedAccessFilterEnabled": false,
    "allowedAccessPledge": [],
    "allowedConsensusFilterEnabled": false,
    "allowedConsensusPledge": []
  },
  "network": {
    "bindAddress": "0.0.0.0",
    "externalAddress": "auto"
  },
  "node": {
    "seed": "",
    "peerDBDirectory": "peerdb",
    "disablePlugins": [],
    "enablePlugins": []
  },
  "pow": {
    "difficulty": 0,
    "numThreads": 1,
    "timeout": "1m"
  },
  "profiling": {
    "bindAddress": "127.0.0.1:6061"
  },
  "prometheus": {
    "bindAddress": "127.0.0.1:9311"
  },
  "webapi": {
    "bindAddress": "127.0.0.1:8080",
    "basicAuth": {
      "enabled": false,
      "username": "goshimmer",
      "password": "goshimmer"
    }
  }
}
